"","Year","Level_3","Buddhism","Christianity Catholic","Christianity Other Christians","Hinduism","Islam","No Religion","Other Religions","Sikhism","Taoism","Christianity","Chinese","Indians","Malays","Others","Condominiums and Other Apartments","HDB Dwellings 1 and 2 Room Flats","HDB Dwellings 3 Room Flats","HDB Dwellings 4 Room Flats","HDB Dwellings 5 Room and Executive Flats","HDB Dwellings Total","Landed Properties","pc20","pc80","pc50"
"1",2000,"ANG MO KIO",47.1146271671436,5.12371654603602,8.34876283453964,4.12186500589126,7.88554115468776,14.8251136172362,0.249789597710823,0.160242383437132,12.1696684059923,13.4724793805757,83.6298814176733,7.38565275640245,8.06381965742883,0.920646168495411,4.55242777664825,7.74448736668946,49.0933959299854,23.750993475408,9.21205848104541,89.8009352531283,5.0311442988374,33.6701643162117,83.7476664879951,61.9029813503872
"2",2000,"BEDOK",39.4585482426524,5.33406127130536,10.3118160615682,2.37537654028323,20.3597546082784,14.4433429593552,0.277286898553223,0.310810357791091,7.12948196677346,15.6458773328736,73.0598766883415,7.15551516129825,17.3889089690458,2.39569918131446,9.16707869522804,4.45659000708244,30.5079309930111,25.8549035853166,15.8766854195342,78.0337551614929,12.1804551467935,29.4771731722636,77.4284072534844,55.4596434727994
"3",2000,"BISHAN",39.4869583962061,8.89846949773658,14.7287490119997,4.66623553926852,6.46116260688367,18.1677085578789,0.275921534813537,0.456995042034921,6.85779981317813,23.6272185097363,84.8056105097028,8.02231755840576,5.69275568497566,1.47931624691578,5.06532018914803,1.47471347278993,9.95431594133205,39.7451310411157,30.5241644626112,84.2349923859902,10.559429350004,17.1373527290214,66.7187625230424,38.8307886511181
"4",2000,"BUKIT BATOK",41.3781751216551,3.65839857614634,9.58734992438349,5.18307424820732,17.5543461487022,14.7570498245903,0.296293248011852,0.37551054001502,7.21083116428843,13.2457485005298,73.8311631910173,8.32734537242485,17.0273919600768,0.814099476481132,7.71798196011365,0.372382975202052,31.7159959175792,38.7305878134223,20.2410834965382,91.0628085951507,0.772349874493145,24.1358287589993,80.0954403773481,53.9768984635754
"5",2000,"BUKIT MERAH",47.3167167329707,3.21425671835674,8.89827068279614,4.85751400503369,7.57976780060079,16.5129495818787,0.144515709994317,0.452220508240643,11.0229763741171,12.1125274011529,83.7555826501674,9.46709688718837,5.96964655004008,0.807673912604159,3.20595576211378,20.6665806007402,42.6650314140632,19.6144246492814,12.9873483088045,95.9549014545142,NA,39.1567411136931,85.1622342714519,63.4853472760134
"6",2000,"BUKIT PANJANG",46.1596364930337,3.65286179618427,7.71767990583856,3.19847808830373,16.8094599403279,12.7966496044672,0.216242848931103,0.317521145265924,9.13283880327375,11.3705417020228,76.9125612319929,5.93937385432741,16.360981368904,0.787083544775733,8.94883649841428,NA,10.6148026441481,46.2343815673837,33.2276183561958,90.0768025677276,0.93615070115777,22.8199763096557,81.5215314661266,54.3027778839173
"7",2000,"BUKIT TIMAH",27.0982335200345,10.6872037914692,28.3390779836277,2.25549332184403,2.07238259370961,25.5084015510556,0.562257647565705,0.3015941404567,3.17750969409737,39.0262817750969,90.492552629124,4.42177928418172,1.12410211760316,3.96156596909108,39.6324054246966,NA,2.70045205805377,5.46038543897216,6.3942422079467,17.9336188436831,42.3507018796098,13.672674280276,38.0442541042113,23.3943611705924
"8",2000,"CHANGI",21.6292134831461,7.4438202247191,8.42696629213483,10.6741573033708,24.438202247191,14.6067415730337,NA,5.19662921348315,7.4438202247191,15.8707865168539,47.1127406049496,26.8560953253895,21.5398716773602,4.49129239230064,31.0714285714286,NA,30.3571428571429,NA,NA,30.3571428571429,26.4285714285714,29.9703571428571,85.7142857142857,62.5428571428571
"9",2000,"CHOA CHU KANG",44.5611800912661,2.80165552371856,7.94381252833975,4.10986657404996,18.6371836801636,13.850057403066,0.249872169642943,0.251801684466441,7.59457034528668,10.7454680520583,74.0154084556459,6.69624583357698,18.6589965499094,0.629349160867786,0.285276559776005,0.562628770669343,3.59501294310317,51.1965766812827,44.3367319985208,99.690950393576,NA,17.1652253156532,82.1939880606477,49.3133815838132
"10",2000,"CLEMENTI",36.7642721154104,4.20588314160834,12.9702625157536,4.08387633067868,15.8099375217869,17.9215938648004,0.238650685115169,0.261443166277854,7.74139919019655,17.176145657362,76.4613423025347,7.80518367077755,14.3320363164721,1.40143771021566,7.65454219673894,3.26823149973123,47.357104461566,26.9915785701487,10.6575882458341,88.2745027772801,3.26464791256047,27.6218491309801,78.2440422863286,53.9225407633041
"11",2000,"DOWNTOWN CORE",56.9607077803799,4.13739266198283,5.04813947436898,2.73224043715847,4.50169138693729,17.096018735363,NA,NA,9.52380952380952,9.18553213635181,87.1589432654829,9.3980077955825,1.8189692507579,1.6240796881767,9.32678821879383,11.711079943899,50.2805049088359,25.7363253856942,0.631136044880785,88.35904628331,NA,39.6901122019635,86.5357643758766,65.1034361851332
"12",2000,"GEYLANG",46.159993180898,3.03130394016238,7.41044601189081,2.37816182581456,16.4191190572591,14.3861742706757,0.117203315788352,0.262109233490315,9.83548916402071,10.4417499520532,77.9493389847613,7.54869310727621,13.3994348572005,1.10253305076193,6.96071875090862,12.3397202919199,35.0681824789928,25.7610560288431,11.8599715058297,86.000058151368,5.94016224231675,37.7477800715262,85.2237373884221,63.6988631407554
"13",2000,"HOUGANG",48.7629491898456,6.50716553460074,8.04399246132635,3.46133899998735,9.83379501385042,13.176867908777,0.442074906082799,0.318749288506052,9.45243425795925,14.5511579959271,83.5843056161276,5.99246348120526,9.43975930181847,0.983471600848716,1.73562316354279,1.52391728870476,17.6701403463946,42.9324913766357,25.7824904641104,89.7176646651945,8.22185315642509,25.5925975945833,81.0194732903838,55.0750187067691
"14",2000,"JURONG EAST",41.4497519647734,2.8259294353715,8.14893261245193,4.00618694610111,17.5840254166434,14.8263753413968,0.0919681177191907,0.363692101889527,10.7031380636531,10.9748620478234,75.2393673741988,7.21974654558924,16.7495425922392,0.791343487972701,5.34394085503054,NA,30.3037608486017,30.6211828993893,33.3212793314047,94.2663130826101,NA,23.2737021857923,80.9828029572485,53.7704717132755
"15",2000,"JURONG WEST",44.0273829552706,2.43597429302598,6.01483888018668,4.06489915105103,19.3027917980056,13.0926366408179,0.19918392605055,0.491836037464627,10.3711009263019,8.45081317321266,72.0043956043956,7.79291819291819,19.4871794871795,0.715506715506716,0.728447115815915,0.929398044316857,20.7230645016596,44.6290481743967,32.8142101013726,99.0975150264645,NA,22.8496671750247,86.1720642325289,56.3153583923926
"16",2000,"KALLANG",47.2287306567121,3.30275472247594,8.08149001231087,6.01776471678382,10.7739962670267,14.4884370490979,0.221066147756907,0.816753372251565,9.070330804972,11.3842447347868,78.4563336297196,12.5176205243868,8.00676628136453,1.01927956452907,8.16185847723434,19.7290869610175,38.8032950746217,19.081101575156,10.9778375211112,88.5913211319064,2.19212077344639,40.4725605762934,85.8890842036328,65.7702236928274
"17",2000,"MARINE PARADE",30.7138466941786,9.24283665525214,16.2730119706149,6.50627798753183,11.2213539380104,19.3373723183188,0.51511692568853,1.26730470922235,4.92287880118243,25.5158486258671,76.2926934716818,11.5715520968439,9.189364461738,2.94638996973627,22.2197072581862,9.57446808510638,22.9213822242342,13.7769729892863,12.7282329862683,60.0724309642372,16.9382827825562,30.8944771389769,68.3718122830844,49.3275614908707
"18",2000,"NEWTON",22.196041470311,11.0980207351555,28.5815268614515,7.11592836946277,3.62865221489161,23.8689915174364,0.895381715362865,0.447690857681433,2.14420358152686,39.679547596607,79.9313052011776,10.6640497219496,1.50474321229964,7.89990186457311,89.2128279883382,0.291545189504373,NA,NA,NA,0.291545189504373,10.4956268221574,19.0334693877551,44.5481049562682,28.9877551020408
"19",2000,"NOVENA",38.9250814332248,7.35311859090361,17.942453854506,5.25696706478465,4.26468814090964,18.4823259741827,0.292556400048257,0.696706478465436,6.78610206297503,25.2955724454096,85.4571768715423,8.88209341954761,3.21669506757861,2.4440346413315,27.6805340714809,5.07205080192135,24.5298379874623,15.5987950826345,10.1441016038427,56.3543108361149,15.5255230806806,26.3233004966213,67.66262313767,45.9097533175934
"20",2000,"OTHERS",27.3429273429273,10.1439101439101,19.6911196911197,6.07230607230607,3.19410319410319,17.2341172341172,0.561600561600562,1.19340119340119,14.6016146016146,29.8350298350298,77.8847934802741,13.5951102055936,1.8707167994073,6.64937951472495,50.4941599281222,NA,7.54716981132075,2.60557053009883,NA,10.1527403414196,32.8840970350404,20.6867924528302,53.099730458221,35.2336028751123
"21",2000,"OUTRAM",53.1733746130031,1.52734778121775,6.81630546955624,3.34365325077399,4.78844169246646,15.7172342621259,0.319917440660475,0.288957688338493,14.0247678018576,8.343653250774,89.0085138970224,7.71205910176134,2.78841389251768,0.49101310869859,6.74869500372856,44.034302759135,36.3783246333582,10.6388267462093,0.534427044494159,91.9587372607507,NA,54.1894108873975,91.4118816803381,75.4009445687298
"22",2000,"PASIR RIS",35.8941969070586,5.74439850967182,12.9331904251518,2.89261470933497,20.1985402950033,16.5058949624866,0.186291022303884,0.463175623947328,5.1816975450416,18.6775889348237,72.8955622975266,6.44915239711352,18.5169949092405,2.13829039611937,6.93242064290987,0.0637541104623851,NA,36.5814374874169,53.9863096436481,90.6482786390175,2.40587880008053,12.2739077914234,72.6427756526408,38.7760217435071
"23",2000,"QUEENSTOWN",41.312043288073,5.41227338238641,12.1140863232952,3.52347720549192,12.5717464411237,17.2343169233103,0.22503729550684,0.396975903309818,7.2087789830337,17.5263597056816,79.0564360381349,8.10623013805013,11.0859058070977,1.75142801671725,7.14743384378804,11.7062856410585,54.6709809700775,14.8747356955212,10.1556993656692,91.4077016723265,0.916255526366374,38.0490324854232,82.8794771576857,62.0383321586468
"24",2000,"RIVER VALLEY",28.8094146416017,12.7158795659483,26.6850068775791,4.56976921901269,0.840593000152835,21.6567323857558,0.473788781904325,0.305670181873758,3.94314534617148,39.4008864435274,86.7698878804058,6.46022423918847,0.768820074746396,6.00106780565937,90.1723505683902,NA,NA,NA,NA,NA,9.64429776310964,23.6287128712871,47.9281261459479,36.7726439310598
"25",2000,"ROCHOR",50.1664816870144,3.30003699593045,5.63817980022198,7.65815760266371,7.9763226045135,14.9019607843137,0.4661487236404,1.68701442841287,8.20569737328894,8.93821679615242,73.6290682122158,22.7429781542577,2.49108337048596,1.13687026304057,9.72026564701147,12.3566109881264,43.2682632320386,25.8402092976454,1.63010666130006,83.0951901791105,1.3684846045482,38.3304286576776,87.4823908231032,65.249949688066
"26",2000,"SEMBAWANG",44.0352366801104,3.45468053491828,7.53555508384632,4.59032052642751,16.0316281044364,13.5905327955848,0.180428783697729,0.748248779452346,9.8386754404585,10.9902356187646,72.9170614616891,8.60968984903038,17.4404649106184,1.03278377866212,0.125698324022346,NA,3.86871508379888,42.3882681564246,46.8994413407821,93.1564245810056,6.64804469273743,23.3379189944134,85.5027932960894,56.3853351955307
"27",2000,"SENGKANG",50.4195432819968,3.92724375995751,6.8348380244291,3.32182687201275,13.4652150823155,13.2634094530005,0.284121083377589,0.294742432288901,8.18906001062135,10.7620817843866,81.0407830342577,5.69494290375204,12.3768352365416,0.887438825448613,NA,NA,NA,NA,NA,NA,NA,NA,NA,NA
"28",2000,"SERANGOON",42.4612833622092,8.70739044015263,13.0249465885779,4.74165878338878,6.03841370733729,16.8801352026445,0.23171522411539,0.363516544254419,7.55200306119195,21.7323370287306,84.6290200050646,8.32142069450004,5.5661294406914,1.48342985974399,9.02459609356161,0.301422715215819,14.7184711839884,32.7525922353509,19.3181818181818,67.8562816493851,22.7965999517724,19.8020647455992,67.7477694719074,43.0496292500603
"29",2000,"TAMPINES",39.3746936107631,4.21101367176861,8.95582548069067,2.40209161719048,24.6511247889319,12.9440601339942,0.227136554278555,0.314831962525192,6.91976687183398,13.1668391524593,69.5424573214335,6.1288831470529,22.53696965387,1.79168987764358,3.9151415824456,0.438556557103402,19.1007314334274,42.9390876809615,32.5396825396825,95.852681416735,NA,20.9774439284956,81.4076299735956,52.3295623539409
"30",2000,"TANGLIN",20.846427823172,14.9381940079614,29.8030588728263,4.37879740205322,1.48753404567358,24.7014456316782,0.670437879740205,0.43997485857951,2.73412947831552,44.7412528807878,85.2426759947529,5.5021133945489,1.18058592041976,8.07462469027839,73.9276485788114,NA,0.490956072351421,1.98966408268734,2.01550387596899,4.49612403100775,21.5762273901809,15.9597674418605,39.2764857881137,25.1343669250646
"31",2000,"TOA PAYOH",46.2388320803049,5.9260261990545,10.5598017368849,3.81427411125226,8.92808796884437,15.0405064872858,0.182227127892205,0.451923277172668,8.8583210113085,16.4858279359394,83.2196497942149,7.23753123891689,8.28583918246827,1.25697978439992,1.64671061482578,11.4005112336876,46.1886183236916,19.6798062693394,14.9118794564779,94.9630028252388,2.65034306471142,37.4709000403606,85.0262343602852,63.0951432799677
"32",2000,"TOTAL",42.5178082521256,4.76944476736029,9.82538492682282,4.00476222926847,14.8984017669955,14.8356269266384,0.246369201043842,0.390158059511831,8.51204387023326,14.5948296941831,76.7970738350742,7.87770864398479,13.9064014592943,1.41881606164669,6.50165557486149,4.98016588532276,25.7537509971697,33.0658186626452,23.5459900119114,87.9665388103902,5.06485700860025,27.2292433531128,80.1920029723852,55.0209476663498
"33",2000,"WOODLANDS",38.8785709814069,3.15171497534136,7.05953548548653,4.62845099225809,24.7142867079847,12.3021918017849,0.104338390267315,0.374227026425436,8.78668363904482,10.2112504608279,64.5925203527815,9.47729392808684,24.9024762550882,1.02770946404342,0.00922815695249345,1.58908862721937,9.70802111402311,47.3496733232439,41.3347606216087,99.981543686095,NA,26.1226625078439,88.0882950057215,60.6589180908789
"34",2000,"YISHUN",43.5893848578119,3.52782645833027,7.42235247338115,6.6661266807063,17.3593213849167,11.5672356155104,0.262874983432249,0.343136532995597,9.26174101291548,10.9501789317114,71.6888818663025,10.8715280520976,16.2923377312281,1.14725235037188,0.867892086625455,0.0798296966471527,26.8391533958325,50.3418348548737,21.5253612805502,98.7861792279035,0.0225160682850944,27.4998362467761,86.4309984852827,59.5319216440824
"35",2010,"ANG MO KIO",36.6132633475655,7.86034183347043,10.2445584759816,5.07592672385653,7.60572943188792,16.8566466893859,0.390405682426521,0.212829853630512,15.1402979617951,18.104900309452,81.9679079962297,8.3392360162189,7.17970741284015,2.51314857471123,6.13181475588309,8.57884599279792,43.6981827317645,23.4368980822377,10.5033079306591,86.2172347374592,6.9960639812411,24.0795578259777,79.6717192864919,51.1251503224186
"36",2010,"BEDOK",30.3334534310848,8.15720120961376,12.1491695038074,3.89764432983431,18.6077297071909,15.9788034215714,0.339647236469774,0.443282150100599,10.0930690103271,20.3063707134211,71.2660303749503,8.60657546711757,16.019000471956,4.10839368597612,16.6052793124616,4.64022625624836,26.0808559151101,23.7580022801017,15.3501271595194,69.8292116109796,12.8968253968254,19.3660001753924,72.2868981846882,45.1424318161887
"37",2010,"BISHAN",29.5463273509306,12.7576230830282,17.2034614301441,4.65449704293505,5.56465859340997,21.5686525512686,0.360992344914104,0.171535369569113,8.17353234849843,29.9610845131724,84.6710771320292,7.91145479638108,4.43054612368288,2.98692194790685,13.00214881451,1.61707397020796,8.63532068325017,36.129220235277,27.3518592708599,75.2922751939396,11.5161889499945,11.1723786284008,62.617911643661,33.1188840732782
"38",2010,"BUKIT BATOK",31.2761462949923,6.03653232821108,11.7350784906598,6.35877894213644,15.4976597771611,17.8867580665203,0.240235264880089,0.307335459553494,10.6606469784202,17.7716108188709,72.3075216022414,10.5805905768457,14.204080500423,2.90780732048988,19.1398726576485,0.0611787098089865,24.8566832075771,34.5433122606666,18.5167561688532,77.9756644687649,2.63748215620964,16.4544445199737,70.3441868896291,44.9062424942787
"39",2010,"BUKIT MERAH",37.1103840192871,5.84901281062586,11.6156662498783,4.73641257552729,8.70014450326068,18.4881814302079,0.401314755055742,0.519612761210233,12.577773451831,17.4646790605042,79.7615865378496,10.1144333702473,7.22941408586958,2.89456600603353,4.86993726068276,20.3480324302946,30.1526237258885,26.5824150142916,17.1391590414727,94.2222302119474,0.287630107681522,24.6126880831251,80.7917018713934,48.1215129343664
"40",2010,"BUKIT PANJANG",33.946323946324,5.27216027216027,9.71933471933472,3.98128898128898,16.7520317520318,15.6851256851257,0.278775278775279,0.321300321300321,14.044604044604,14.991494991495,74.633740892072,7.11622415212764,16.0004350055152,2.24959995028508,11.4780263628608,NA,7.72998706623738,41.2284322628581,37.4831448306227,86.4443160241063,2.07765761303283,16.7216489171414,74.3526239026941,47.9392773604117
"41",2010,"BUKIT TIMAH",20.2113040529688,13.5241732550461,30.5177306230257,2.87152213873967,1.80607856084807,25.0120464726144,0.424749701069013,0.376563810611604,5.25761604768619,44.0419038780719,85.8491907728191,4.97340501180419,1.02397815513269,8.15342606024405,49.1964372156065,NA,1.9992254816536,4.04201762029238,5.06341368961177,11.1046567915577,39.1180172330332,5.71362184141737,38.8178913738019,17.0436392680802
"42",2010,"CHANGI",21.5384615384615,5.2991452991453,4.15954415954416,12.8774928774929,37.7207977207977,9.05982905982906,NA,1.76638176638177,7.57834757834758,9.45868945868946,49.2807424593968,20.1856148491879,25.1044083526682,5.4292343387471,61.6966580976864,NA,19.6658097686375,NA,0.77120822622108,20.4370179948586,12.5964010282776,15.0976863753213,81.1053984575835,60.9485861182519
"43",2010,"CHOA CHU KANG",34.5727091845044,4.79370092121195,9.38630715089891,5.70995631147019,18.1247211935395,16.4996778236456,0.228709807614691,0.150112938744008,10.5348127482705,14.1800080721109,71.3839726240832,9.08818115193518,16.8387279200882,2.68911830389345,8.92678243446318,0.624060778093171,2.77174820504258,44.992903656704,41.3737685757222,89.7624812155619,1.31073634997495,13.7555101018534,73.0777258306896,44.6451369176824
"44",2010,"CLEMENTI",30.92170075265,6.80668847118782,15.4969723240204,4.96775295214827,12.2039642195689,19.3574233886328,0.397998187334988,0.316559614348951,9.5296265647371,22.3036607952083,75.4217732982128,8.87628708883906,11.6812155778566,4.02072403509154,13.14302416212,3.09171213302156,40.9489477786438,26.2081060015588,10.6261366588724,80.8749025720967,5.43322941023643,18.4324499870096,72.9020524811639,44.1347655235126
"45",2010,"DOWNTOWN CORE",40.7463135720734,6.86126993680409,11.1044237135119,2.43755642491724,3.6111947035811,20.9449292807704,1.41438459223593,0.993078543484803,11.8868492326211,17.965693650316,81.7839871037077,10.5857066093498,0.913487372380441,6.71681891456206,37.9286214135759,NA,40.3778866340098,19.8040587823653,1.46955913226032,61.6515045486354,NA,17.8726382085374,75.7872638208538,42.9902029391183
"46",2010,"GEYLANG",36.2821162618426,4.94073843034816,9.67191703380249,3.53620024172482,15.6312136925416,16.9762953721393,0.382081172755273,0.462981012904986,12.1174314788101,14.6126554641507,75.1528709917972,8.80934625901069,12.7549921285939,3.28279062059823,14.9882090107981,10.7062181953581,30.9544495469778,23.8500682636217,11.8058830830334,78.2797567332754,5.2997393570808,24.7053742087626,80.4368871788507,52.1863125232717
"47",2010,"HOUGANG",36.7949530290091,8.64762114658806,10.4658530538031,4.63924626022755,8.83275021350451,16.0742720185129,0.328934681396182,0.289264167056944,13.9271054299017,19.1134742003912,81.6688740499407,8.06102530261148,8.03795160985154,2.23214903759628,7.65513365978968,0.537850204704182,15.8368788632897,40.5250060207112,24.8663402103235,82.9637954563699,8.80789917315566,19.2970378100666,76.1579834631131,50.2337689652404
"48",2010,"JURONG EAST",33.0425775500191,4.25366624870523,8.8426102600447,6.58016682113068,17.3676606880009,16.4286103690781,0.283486888731396,0.460666194188519,12.74328081557,13.0962765087499,70.5360993213645,11.0726525794957,15.9831135522822,2.40813454685762,8.92286627110908,0.638977635782748,27.8373649779401,30.5263958618591,31.579948273239,90.5826867488209,NA,17.5635934885136,76.6354784725392,48.1092043207059
"49",2010,"JURONG WEST",36.6774378365991,3.61361292540392,6.52228715480692,5.8375157557007,19.4275237767847,15.5929872808525,0.307092929987395,0.339177265956228,11.6823650739086,10.1359000802108,69.0248351549768,10.1426414078737,18.1901436880429,2.64237974910662,4.89223006288181,1.65080747409807,15.0916332620417,38.9944033912631,37.9647298387613,93.7041353431605,1.3088636450956,18.1599579934173,80.2338537197597,52.4213695682799
"50",2010,"KALLANG",35.0988992799801,5.82991451980941,10.6536929097551,6.69653941192466,10.1476690982608,18.1080857402963,0.390158546245611,0.769676404866341,12.3029994916116,16.4836074295646,75.5933667473558,14.1021906608142,7.38255707670828,2.92188551512169,15.5804251000733,18.1259514010261,30.162936234989,21.1760726165642,11.4168123132435,80.8817725658229,1.99582793031516,24.8846479111462,79.9374189547274,48.3277273496082
"51",2010,"MANDAI",26.4411990776326,12.7594158339739,8.22444273635665,8.99308224442736,4.38124519600307,21.3681783243659,0.461183704842429,NA,17.3712528823982,20.9838585703305,81.8766756032172,10.0268096514745,3.86058981233244,4.23592493297587,54.601226993865,NA,NA,NA,NA,NA,41.5132924335378,NA,49.2842535787321,NA
"52",2010,"MARINE PARADE",26.498097653773,12.1882265905728,17.3589093214965,7.49313041640245,9.27922215176496,20.1939336292539,0.753012048192771,0.745085605580216,5.49038258296343,29.5471359120693,75.3772348789044,12.3462530115389,7.24037364216577,5.03613846739085,30.3135888501742,9.04632855852368,20.2348690153568,11.588592076397,11.6982836495032,52.5680732997806,15.7697767453865,14.1285327138986,63.4081817008646,32.1475738805007
"53",2010,"NEWTON",21.1330362826225,14.9586250795672,23.9338001273074,8.31741990239762,3.50095480585614,23.7852747719075,1.90961171228517,0.466793974114152,1.99448334394229,38.8924252068746,69.7372636975329,12.0474206984941,1.05735341236783,17.1579621916053,91.5402298850575,NA,NA,NA,NA,NA,8.0919540229885,5.40045977011494,47.0344827586207,18.5060229885057
"54",2010,"NOVENA",30.9873563821415,11.3713866009129,17.8322228634384,4.7584072189287,5.52699228791774,19.5792455799801,0.422328314359163,0.511515660248675,9.01316824930486,29.2036094643513,80.7139794168096,8.98156089193825,4.33533447684391,5.96912521440823,35.1351351351351,4.90563556256987,20.8259354244756,14.2237127638587,10.0151246136648,49.9704083645689,13.8028539488393,17.3963306372065,64.4637338067995,37.8325836785691
"55",2010,"OTHERS",15.8546655656482,12.5516102394715,27.9108175061932,6.77126341866226,2.55986787778695,23.2039636663914,1.15606936416185,NA,10.0330305532618,40.4624277456647,70.628902765388,11.4406779661017,0.847457627118644,17.0829616413916,68.6829268292683,NA,NA,NA,NA,NA,28.1951219512195,4.06243902439024,43.5121951219512,17.5094634146341
"56",2010,"OUTRAM",39.5196071926216,3.50341715878177,8.73200185787273,3.67593391281269,7.05328113595647,20.8745272377414,0.311857209209741,0.570632340256121,15.7587419547475,12.2354190166545,83.8410796112594,7.22090739714991,6.47565335616093,2.46235963542978,13.345966432052,45.898754737412,31.1451001624256,7.44450460205739,0.988088792636708,85.7336220898755,NA,34.2119653492149,88.345966432052,53.7314428803465
"57",2010,"PASIR RIS",27.9661808669656,8.57436472346786,13.4585201793722,3.55007473841555,22.6065022421525,15.5353139013453,0.335388639760837,0.46618086696562,7.50653961136024,22.0328849028401,67.2560752411047,8.26292552833868,20.3394515288018,4.14154770175478,14.2385667138142,0.0693346645588929,NA,31.966053748232,48.323487810966,80.3588762237568,5.40533044901129,10.3654768838228,65.7098482957539,39.0451590537205
"58",2010,"PUNGGOL",37.0222586489518,7.54033301699595,10.5081528772323,4.38918126132344,12.2314726943318,18.0894659649728,0.239409886981279,0.181175049607454,9.79855059960314,18.0484858942283,79.4816960226316,6.43417640521335,11.5212339608662,2.56289361128886,NA,NA,NA,32.7772543368619,66.9788837776423,99.7561381145042,0.24386188549576,10.472759518927,69.9883611372832,41.2427090838552
"59",2010,"QUEENSTOWN",30.1313061506565,8.13135551387106,16.5206338236746,4.55499062098924,10.3267844802054,20.1007009576464,0.398607957350183,0.361585546450785,9.47403494915589,24.6519893375457,78.3608454650667,8.64754015146901,8.4201336013482,4.5714807821161,11.5640913720355,11.1188709442747,43.9895242252292,18.9582423977884,11.0548523206751,85.1214898879674,2.92448712352684,20.8177506183617,77.1395315000727,44.3263989524225
"60",2010,"RIVER VALLEY",20.4930662557781,16.3790446841294,24.0986132511556,9.33744221879815,1.46379044684129,23.4206471494607,1.12480739599384,0.12326656394453,3.52850539291217,40.4776579352851,70.911528150134,13.5876188155009,0.755544723373142,14.745308310992,92.2852983988355,NA,NA,NA,NA,NA,7.20524017467249,5.64556040756914,41.1208151382824,18.0651746724891
"61",2010,"ROCHOR",40.4354587869362,4.2457231726283,8.70139968895801,9.11353032659409,8.54587869362364,17.0762052877138,0.303265940902022,1.50855365474339,10.0699844479005,12.9471228615863,72.305924412666,21.2142492339122,3.39632277834525,3.08350357507661,15.5221609282861,6.37245577325471,37.72113372646,30.5497431995435,4.07076279246719,78.7140954917253,1.59786950732357,19.6739585314818,80.7494768879589,49.2033288948069
"62",2010,"SEMBAWANG",35.8145157052012,7.28413012630731,9.40209869838656,5.39390011036561,14.6628593451641,16.9963036280504,0.282045442601125,0.38540371038663,9.77699139848992,16.6862288246939,72.0164439311445,9.6724962877413,13.6899851509652,4.62107463014904,2.80890700043662,NA,NA,39.0336195604715,54.5675059428516,93.6059768107505,3.40561781400087,12.6627856207248,73.9484791151215,47.0705622665308
"63",2010,"SENGKANG",38.8602253183929,6.79061451159549,8.74074747520664,5.17307998272609,11.064390753915,17.2420846875923,0.251532301444795,0.140918699002205,11.7364062701245,15.5313619868021,78.9714703030158,8.29013372921331,10.2284291307003,2.50996683707065,4.40705631238621,0.1443907338816,0.510599116914642,41.4254922886978,52.641931906167,94.722414045661,0.870529641952832,12.9108753426664,72.7122439157093,44.4842279280976
"64",2010,"SERANGOON",31.4323025889351,11.2851260151752,15.3267624966637,6.28455408548442,5.71357761085904,18.8164868265528,0.458496968772639,0.458496968772639,10.2241964387845,26.6118885118389,83.1009280184642,9.40440127582504,4.6296741517206,2.86499655399016,11.921302728839,0.489079086311343,12.9550380703607,30.4951925748902,18.0681376090702,62.3992663813705,25.3181792919469,13.5526593675318,65.308731173234,38.6807536264103
"65",2010,"SINGAPORE RIVER",20.8606856309263,14.6608315098468,25.7476294675419,3.93873085339168,3.35521517140773,29.9781181619256,0.583515681983953,NA,0.87527352297593,40.4084609773888,67.9,7.75,0.9,23.45,100,NA,NA,NA,NA,NA,NA,NA,40.8521303258145,NA
"66",2010,"TAMPINES",29.9673132817651,6.37994595548292,10.3654969402632,3.91358448866644,24.8465488582864,14.5228389157667,0.410905477811104,0.216363788316355,9.37653799366695,16.7454428957461,66.3540190186557,8.18016145608478,22.0002063092423,3.46561321601724,9.100297590738,0.578875134187605,17.5578535418733,39.6706118954763,31.1953907407156,89.0027313122529,1.65237596988762,16.3398785177535,74.9235640227745,46.813978611515
"67",2010,"TANGLIN",17.1176558528928,17.1849304828823,30.2362087008521,5.67349379578412,1.95843922858424,23.8301689340709,1.04649424428166,0.426072656600389,2.52653610405143,47.4211391837345,74.6544844734864,9.13664488521367,1.12184120742497,15.087029433875,80.4939155332856,NA,0.429491768074445,1.10952040085898,1.2705798138869,2.80959198282033,15.0322118826056,4.68289191123837,36.5425912670007,14.4020579813887
"68",2010,"TOA PAYOH",36.2931628693099,8.91348069532703,12.6497776350949,4.17913830058447,7.92204481290189,18.9996884058655,0.41734729526849,0.289876967528114,10.3364272427696,21.563258330422,81.7846341443848,7.71180797894956,7.71822579480638,2.78533208185924,3.74153617050981,12.1088023826698,38.1064290201736,23.1077087744608,15.352397794169,91.507085185099,4.08590641505922,24.2618144588966,80.3243595411499,48.8520883263141
"69",2010,"TOTAL",33.2570124813733,7.05572377411174,11.2730009002662,5.08264031724403,14.7286579593708,16.9863427425535,0.350672366206144,0.345939206915693,10.9200424503211,18.328724674378,74.0770592522618,9.22971237798342,13.359100527319,3.33412784243585,11.5179070092153,4.56183677743647,20.0466001117006,31.8890498464116,25.5982965652052,82.3524329796146,5.6642697570511,18.2083600949455,74.4601717397375,46.3444319847808
"70",2010,"WOODLANDS",32.6384857782569,4.55779915415872,6.79316278298366,6.39304668712165,26.2946761754706,13.5350153412389,0.243075711087155,0.261215689526495,9.28404096525417,11.3509619371424,60.9908244903288,11.0816004308287,25.2977246857521,2.62985039309042,4.80528420158467,2.1749000424728,8.66737942852121,43.3822990963547,40.6508589756733,94.875437543022,0.206505660598427,19.572167137773,81.7410916973008,54.7077725215659
"71",2010,"YISHUN",33.6899974414653,5.76851165445349,7.61524886670034,6.48030912347226,17.4780720457125,15.1511175548281,0.328017266828926,0.292591402011402,13.1961346445277,13.3837605211538,69.6378243545304,10.6525424643925,16.7935469240986,2.91608625697841,3.66395400925788,0.490891443930118,25.8436613408989,47.6892638494848,19.7775123189488,93.8013289532627,2.27900552486188,22.0654770792892,82.0441988950276,55.6714760340451
"72",2015,"ANG MO KIO",35.7506361323155,7.44274809160305,12.2773536895674,3.81679389312977,8.84223918575064,17.1119592875318,0.190839694656489,0.127226463104326,14.3765903307888,19.7201017811705,81.9877553355839,8.09635520970418,7.47267837729587,2.44321107741603,7.98722044728434,8.94568690095847,40.7348242811502,23.6421725239617,10.3833865814696,83.7060702875399,7.82747603833866,24.0870607028754,83.5463258785942,50.6482428115016
"73",2015,"BEDOK",29.9703264094956,8.47816871555744,13.5226791013141,4.11191182704536,18.1008902077151,15.8117846545146,0.381517592200085,0.466299279355659,9.19881305637982,22.0008478168716,72.0897325280414,8.66609145815358,15.1786022433132,4.0655737704918,20.9327548806941,4.33839479392625,23.644251626898,22.7765726681128,14.7505422993492,65.5097613882863,13.3405639913232,19.3270065075922,75.2711496746204,45.4720173535792
"74",2015,"BISHAN",27.7850589777195,12.4508519003932,17.824377457405,5.63564875491481,3.6697247706422,22.1494102228047,0,0.131061598951507,10.2228047182176,30.2752293577982,85.1378169790518,7.71775082690187,4.14553472987872,2.99889746416759,17.6258992805755,1.79856115107914,7.19424460431655,35.2517985611511,26.2589928057554,70.863309352518,11.5107913669065,13.0701438848921,69.0647482014388,33.9787769784173
"75",2015,"BUKIT BATOK",33.8051623646961,6.49458784346378,13.488759367194,5.57868442964196,12.6561199000833,17.2356369691923,0.249791840133222,0.166527893422148,10.2414654454621,19.9833472106578,73.2964744740432,9.85854814389316,14.0518417462483,2.80031593307963,20.2272727272727,1.59090909090909,22.2727272727273,34.0909090909091,18.1818181818182,76.1363636363636,3.40909090909091,17.0886363636364,80,45.3618181818182
"76",2015,"BUKIT MERAH",38.1132075471698,6.26415094339623,12.3018867924528,3.84905660377358,8.52830188679245,19.8490566037736,0.377358490566038,0.679245283018868,9.9622641509434,18.5660377358491,78.6768480492813,9.70225872689938,8.59856262833676,3.02233059548255,6.52173913043478,21.7391304347826,28.804347826087,25.9057971014493,16.4855072463768,92.9347826086957,0.181159420289855,25.3632246376812,83.1521739130435,45.2405797101449
"77",2015,"BUKIT PANJANG",34.866220735786,3.84615384615385,10.61872909699,3.09364548494983,16.304347826087,17.5585284280936,0.0836120401337793,0.167224080267559,13.3779264214047,14.4648829431438,74.2861252966986,7.4084729914407,15.9893548155074,2.30885420412861,13.5922330097087,2.18446601941748,8.49514563106796,37.8640776699029,34.7087378640777,83.252427184466,3.15533980582524,15.2293689320388,80.0970873786408,46.4381067961165
"78",2015,"BUKIT TIMAH",17.4280879864636,13.8747884940778,33.502538071066,2.7072758037225,1.1844331641286,25.3807106598985,0.169204737732657,0,5.75296108291032,47.3773265651438,86.1420706324694,4.90130253793474,1.02054518598093,7.93608164361488,49.7907949790795,0,2.09205020920502,3.76569037656904,3.76569037656904,9.6234309623431,39.3305439330544,7.22175732217573,42.6778242677824,15.9543933054393
"79",2015,"CHOA CHU KANG",31.9490957803081,5.96115204286671,8.7742799732083,5.7602143335566,17.4815807099799,18.821165438714,0.133958472873409,0,11.118553248493,14.735432016075,70.8139734985373,9.44759938048529,16.9965008891183,2.7476624792061,10.1419878296146,3.24543610547667,3.24543610547667,42.5963488843813,38.9452332657201,88.0324543610548,1.82555780933063,16.3559837728195,79.7160243407708,45.0687626774848
"80",2015,"CLEMENTI",32.3246217331499,5.63961485557084,17.7441540577717,2.88858321870702,11.2792297111417,22.4209078404402,0.275103163686382,0.137551581843191,7.29023383768913,23.3837689133425,77.1581359816654,8.29422678162174,10.8588890101495,3.69966168285496,16.9435215946844,3.98671096345515,34.8837209302326,28.2392026578073,9.96677740863787,77.0764119601329,5.3156146179402,18.6179401993355,75.7475083056478,44.1843853820598
"81",2015,"GEYLANG",34.8484848484849,4.32900432900433,11.6883116883117,3.57142857142857,15.5844155844156,19.5887445887446,0.108225108225108,0.541125541125541,9.63203463203463,16.017316017316,75.2906976744186,8.46443228454172,13.0642954856361,3.1891244870041,16.8,12,28,26.1333333333333,12.2666666666667,78.4,3.46666666666667,23.7346666666667,82.6666666666667,49.9002666666667
"82",2015,"HOUGANG",38.7323943661972,9.0465872156013,10.0216684723727,3.73781148429036,8.66738894907909,18.9599133261105,0.0541711809317443,0.0541711809317443,10.7258938244854,19.068255687974,81.732715577347,8.11479465611084,7.93936395123926,2.21762403850479,11.9751166407465,2.33281493001555,14.9300155520995,39.3468118195956,21.7729393468118,78.3825816485226,9.48678071539658,19.2628304821151,79.6267496111975,49.1219284603421
"83",2015,"JURONG EAST",24.7875354107649,5.38243626062323,8.07365439093484,6.65722379603399,19.5467422096317,18.6968838526912,0,0.708215297450425,16.2889518413598,13.4560906515581,70.7578253706754,10.7672393504354,16.168510237703,2.31819251588609,9.80392156862745,3.92156862745098,24.3137254901961,31.3725490196078,29.8039215686275,89.8039215686275,0,17.6627450980392,81.1764705882353,46.6913725490196
"84",2015,"JURONG WEST",37.3458102934921,3.14759676733305,6.76307954062101,6.50786899191833,17.3543173117822,17.1841769459804,0.212675457252233,0.297745640153126,11.144193960017,9.91067630795406,69.7718770630089,9.93545074451698,17.8353993985183,2.4609403652901,6.00490196078431,3.55392156862745,15.3186274509804,38.1127450980392,35.7843137254902,92.7696078431373,1.22549019607843,17.59375,84.3137254901961,50.0713235294118
"85",2015,"KALLANG",34.0801886792453,6.48584905660377,11.438679245283,6.48584905660377,8.9622641509434,21.2264150943396,0.471698113207547,1.29716981132075,9.55188679245283,17.9245283018868,74.893785199091,14.2871257780852,7.88459638375654,2.93449263906729,21.3698630136986,15.6164383561644,27.1232876712329,21.9178082191781,12.3287671232877,76.986301369863,0.547945205479452,23.613698630137,82.1917808219178,47.8706849315069
"86",2015,"MARINE PARADE",23.1197771587744,13.091922005571,18.1058495821727,4.73537604456824,8.91364902506964,25.0696378830084,0.557103064066852,1.39275766016713,4.73537604456824,31.1977715877437,75.1487789862508,12.3332649292017,7.20295505848553,5.31500102606197,38.8157894736842,9.21052631578947,18.4210526315789,11.1842105263158,8.55263157894737,48.0263157894737,13.1578947368421,15.5953947368421,69.0789473684211,33.0256578947368
"87",2015,"NOVENA",30.9139784946237,9.94623655913978,18.010752688172,3.49462365591398,6.98924731182796,23.6559139784946,0,0.537634408602151,6.45161290322581,27.9569892473118,80.9335278182955,8.77266097103563,4.39674932277558,5.89706188789331,43.9490445859873,5.73248407643312,17.8343949044586,14.0127388535032,7.00636942675159,44.5859872611465,11.4649681528662,12.7866242038217,63.0573248407643,33.5445859872611
"88",2015,"OTHERS",30.6451612903226,11.6129032258065,13.8709677419355,10.6451612903226,2.58064516129032,22.9032258064516,1.29032258064516,1.93548387096774,4.51612903225806,25.4838709677419,NA,NA,NA,NA,59.7315436241611,3.35570469798658,15.4362416107383,12.0805369127517,1.34228187919463,32.2147651006711,7.38255033557047,13.2248322147651,58.3892617449664,31.8107382550336
"89",2015,"OUTRAM",33.9080459770115,4.59770114942529,12.0689655172414,3.44827586206897,10.9195402298851,23.5632183908046,0,1.14942528735632,9.77011494252874,16.6666666666667,81.6123188405797,7.20108695652174,8.74094202898551,2.44565217391304,9.52380952380952,29.7619047619048,30.952380952381,20.2380952380952,10.7142857142857,90.4761904761905,0,31.2619047619048,82.1428571428572,53.8083333333333
"90",2015,"PASIR RIS",27.5544388609715,7.28643216080402,14.8241206030151,4.02010050251256,21.6917922948074,18.0904522613065,0.251256281407035,0.251256281407035,6.11390284757119,22.1105527638191,67.1313174637215,8.52098077060548,20.3159625419973,4.03173922367575,18.9655172413793,1.72413793103448,0.246305418719212,30.0492610837438,44.8275862068966,76.8472906403941,3.94088669950739,11.0480295566502,75.1231527093596,37.715763546798
"91",2015,"PUNGGOL",34.4993968636912,6.63449939686369,11.5802171290712,4.94571773220748,10.2533172496984,21.4716525934861,0.482509047044632,0.723763570566948,9.40892641737033,18.2147165259349,77.3485193621868,7.03416856492027,13.1936218678816,2.43280182232346,4.21686746987952,5.42168674698795,5.72289156626506,44.2771084337349,40.3614457831325,95.7831325301205,0,12.7740963855422,79.5180722891566,38.9942771084337
"92",2015,"QUEENSTOWN",31.2958435207824,7.70171149144254,17.2371638141809,4.64547677261614,10.0244498777506,20.1711491442543,0.366748166259169,0.122249388753056,8.31295843520782,24.9388753056235,78.9291177970423,8.15910249872514,8.8934217236104,4.02855685874554,12.6760563380282,10.1408450704225,40.5633802816901,22.2535211267606,11.2676056338028,84.225352112676,3.09859154929577,20.1887323943662,83.3802816901408,45.3507042253521
"93",2015,"SEMBAWANG",34.0523882896764,4.9306625577812,14.0215716486903,3.85208012326656,13.5593220338983,20.0308166409861,0.308166409861325,0.61633281972265,8.78274268104776,18.9522342064715,72.7688488174572,9.39500849340128,13.484907879263,4.35123480987848,4.32900432900433,2.16450216450216,1.2987012987013,40.2597402597403,47.1861471861472,91.3419913419913,4.76190476190476,11.5930735930736,79.6536796536796,45.2212121212121
"94",2015,"SENGKANG",39.8200224971878,6.52418447694038,8.21147356580427,5.56805399325084,10.7986501687289,19.2913385826772,0.224971878515186,0.112485939257593,9.44881889763779,14.7356580427447,77.6998258176892,8.80588349138765,10.925101606348,2.56918908457519,6.96594427244582,2.78637770897833,3.40557275541796,43.343653250774,42.5696594427245,92.1052631578947,0.773993808049536,14.8730650154799,79.5665634674923,46.4891640866873
"95",2015,"SERANGOON",28.7934186471664,10.4204753199269,17.0018281535649,5.48446069469835,6.76416819012797,19.835466179159,0.36563071297989,0.36563071297989,11.0603290676417,27.4223034734918,84.0805502610425,8.90030662136405,4.28441203281677,2.74301814866993,13.5897435897436,0.769230769230769,12.0512820512821,27.1794871794872,17.1794871794872,57.4358974358974,28.2051282051282,12.574358974359,68.7179487179487,36.2035897435897
"96",2015,"TAMPINES",30.6862321968062,5.86965904186448,11.0919292188174,3.71169615882607,23.5217954251187,15.9689253344842,0.129477772982305,0.561070349589987,8.50237375917134,16.9615882606819,67.1706924932052,8.25326340772499,21.4408758565249,3.13899628679708,11.2640801001252,3.12891113892365,17.0212765957447,36.7959949937422,29.6620775969962,86.7334167709637,1.6270337922403,15.933041301627,79.9749687108886,45.9056320400501
"97",2015,"TANGLIN",19.4444444444444,15.9722222222222,25.6944444444444,10.4166666666667,2.08333333333333,22.2222222222222,0.694444444444444,0,3.47222222222222,41.6666666666667,74.5263157894737,10.1578947368421,1,14.3157894736842,88.5714285714286,0,0,0,1.42857142857143,2.85714285714286,8.57142857142857,8.04285714285714,42.8571428571429,23.1414285714286
"98",2015,"TOA PAYOH",34.4763670064875,9.17516218721038,13.6237256719184,5.00463392029657,7.59962928637627,20.1112140871177,0.185356811862836,0.092678405931418,9.73123262279889,22.7988878591288,81.8232751720826,7.43556907315511,7.93981110933248,2.80934848727389,7.19257540603248,11.368909512761,35.2668213457077,23.2018561484919,15.7772621809745,87.4709976798144,4.17633410672854,24.6380510440835,81.2064965197216,49.2948955916473
"99",2015,"TOTAL",33.1908788424555,6.74318507890961,12.0638603131964,4.9604688787814,14.0358374797765,18.4529442290668,0.241155102414604,0.351048566806069,9.96367410482615,18.807045392106,74.3079773182087,9.0950088272448,13.3477165749778,3.24929727956871,13.9394434016159,5.61495144046356,18.2322696482494,32.0166489839223,24.1410266873419,80.0701868930058,5.64759650697788,17.9364645392965,78.8623194319758,45.5190565575777
"100",2015,"WOODLANDS",33.9772164437841,3.46706290242694,9.16295195641407,6.33977216443784,22.8330856859832,14.2644873699851,0.148588410104012,0.346706290242694,9.41059930658742,12.630014858841,61.4407287546446,11.1111111111111,24.8951216588757,2.54904310999241,4.82954545454545,4.54545454545455,9.80113636363636,42.4715909090909,38.3522727272727,95.1704545454545,0.142045454545455,18.0617897727273,86.5056818181818,55.1115056818182
"101",2015,"YISHUN",35.2292513058619,4.70110272780035,7.42890307603018,7.19674985490424,17.9338363319791,15.6703424260012,0.290191526407429,0.0580383052814858,11.4915844457342,12.1300058038305,70.456008318067,10.0163390602565,16.8044759122642,2.72812793979304,6.04133545310016,3.49761526232114,21.7806041335453,47.3767885532591,18.9189189189189,91.4149443561208,2.22575516693164,20.8338632750397,87.2813990461049,55.3127186009539
